{
    "iou_scores": [
        {
            "macro": {
                "f1": 0.002199168338419813,
                "p": 0.0014285714285714288,
                "r": 0.004774757935888768
            },
            "micro": {
                "f1": 0.002182453077258839,
                "p": 0.0014285714285714286,
                "r": 0.0046210720887245845
            },
            "threshold": 0.5
        }
    ],
    "rationale_prf": {
        "instance_macro": {
            "f1": 0.0008892500807786077,
            "p": 0.0005714285714285714,
            "r": 0.002361111111111111
        },
        "instance_micro": {
            "f1": 0.0008729812309035355,
            "p": 0.0005714285714285715,
            "r": 0.0018484288354898336
        }
    },
    "token_prf": {
        "instance_macro": {
            "f1": 0.06525171873157949,
            "p": 0.1905714285714285,
            "r": 0.043822359244004065
        },
        "instance_micro": {
            "f1": 0.059780416760026885,
            "p": 0.19057142857142856,
            "r": 0.035450438479936223
        }
    }
}