{
    "iou_scores": [
        {
            "macro": {
                "f1": 0.0018379497799637585,
                "p": 0.002,
                "r": 0.001700191570881226
            },
            "micro": {
                "f1": 0.0019212295869356388,
                "p": 0.002,
                "r": 0.0018484288354898336
            },
            "threshold": 0.5
        }
    ],
    "rationale_prf": {
        "instance_macro": {
            "f1": 0.0014366883116883116,
            "p": 0.0015000000000000002,
            "r": 0.0015277777777777776
        },
        "instance_micro": {
            "f1": 0.0014409221902017292,
            "p": 0.0015,
            "r": 0.0013863216266173752
        }
    },
    "token_prf": {
        "instance_macro": {
            "f1": 0.02306876645569905,
            "p": 0.20050000000000015,
            "r": 0.01253553762672265
        },
        "instance_micro": {
            "f1": 0.020237194044915467,
            "p": 0.2005,
            "r": 0.010656391177252193
        }
    }
}