{
    "iou_scores": [
        {
            "macro": {
                "f1": 0.001744019629966192,
                "p": 0.0011666666666666665,
                "r": 0.0034526425512733825
            },
            "micro": {
                "f1": 0.00171484566389025,
                "p": 0.0011666666666666668,
                "r": 0.003234750462107209
            },
            "threshold": 0.5
        }
    ],
    "rationale_prf": {
        "instance_macro": {
            "f1": 0.001001984126984127,
            "p": 0.0006666666666666666,
            "r": 0.002361111111111111
        },
        "instance_micro": {
            "f1": 0.0009799118079372856,
            "p": 0.0006666666666666666,
            "r": 0.0018484288354898336
        }
    },
    "token_prf": {
        "instance_macro": {
            "f1": 0.05809841377253609,
            "p": 0.19083333333333333,
            "r": 0.037445439534049746
        },
        "instance_micro": {
            "f1": 0.0524868209947284,
            "p": 0.19083333333333333,
            "r": 0.030427850119585438
        }
    }
}