{
    "iou_scores": [
        {
            "macro": {
                "f1": 0.0013985308944260407,
                "p": 0.001,
                "r": 0.002325191570881226
            },
            "micro": {
                "f1": 0.0013958682300390843,
                "p": 0.001,
                "r": 0.0023105360443622922
            },
            "threshold": 0.5
        }
    ],
    "rationale_prf": {
        "instance_macro": {
            "f1": 0.0008254090549664443,
            "p": 0.0006,
            "r": 0.0015277777777777779
        },
        "instance_micro": {
            "f1": 0.0008375209380234505,
            "p": 0.0006,
            "r": 0.0013863216266173752
        }
    },
    "token_prf": {
        "instance_macro": {
            "f1": 0.05096875485100345,
            "p": 0.19559999999999975,
            "r": 0.031784653598148555
        },
        "instance_micro": {
            "f1": 0.045883180858550324,
            "p": 0.1956,
            "r": 0.025989901674196122
        }
    }
}