{
    "iou_scores": [
        {
            "macro": {
                "f1": 0.00043478260869565214,
                "p": 0.001,
                "r": 0.0002777777777777778
            },
            "micro": {
                "f1": 0.0006321112515802782,
                "p": 0.001,
                "r": 0.0004621072088724584
            },
            "threshold": 0.5
        }
    ],
    "rationale_prf": {
        "instance_macro": {
            "f1": 0.00043478260869565224,
            "p": 0.001,
            "r": 0.0002777777777777778
        },
        "instance_micro": {
            "f1": 0.0006321112515802782,
            "p": 0.001,
            "r": 0.0004621072088724584
        }
    },
    "token_prf": {
        "instance_macro": {
            "f1": 0.012674769761206293,
            "p": 0.2080000000000001,
            "r": 0.006613170289637884
        },
        "instance_micro": {
            "f1": 0.010768832513590473,
            "p": 0.208,
            "r": 0.005527504650544778
        }
    }
}