{
    "iou_scores": [
        {
            "macro": {
                "f1": 0.0022777805381854026,
                "p": 0.0012727272727272728,
                "r": 0.010830313491444324
            },
            "micro": {
                "f1": 0.0021270130659374054,
                "p": 0.0012727272727272728,
                "r": 0.006469500924214418
            },
            "threshold": 0.5
        }
    ],
    "rationale_prf": {
        "instance_macro": {
            "f1": 0.000770358885172163,
            "p": 0.00045454545454545455,
            "r": 0.002916666666666667
        },
        "instance_micro": {
            "f1": 0.0007596475235490732,
            "p": 0.00045454545454545455,
            "r": 0.0023105360443622922
        }
    },
    "token_prf": {
        "instance_macro": {
            "f1": 0.09317732267378313,
            "p": 0.196,
            "r": 0.06952394800892747
        },
        "instance_micro": {
            "f1": 0.08866954554801564,
            "p": 0.196,
            "r": 0.057294711666223755
        }
    }
}