{
    "iou_scores": [
        {
            "macro": {
                "f1": 0.0026802981438529888,
                "p": 0.0015,
                "r": 0.012575614243324025
            },
            "micro": {
                "f1": 0.0025416548997458347,
                "p": 0.0015,
                "r": 0.00831792975970425
            },
            "threshold": 0.5
        }
    ],
    "rationale_prf": {
        "instance_macro": {
            "f1": 0.0007150518563562041,
            "p": 0.00041666666666666664,
            "r": 0.0029166666666666664
        },
        "instance_micro": {
            "f1": 0.0007060152499293985,
            "p": 0.0004166666666666667,
            "r": 0.0023105360443622922
        }
    },
    "token_prf": {
        "instance_macro": {
            "f1": 0.09833921200738693,
            "p": 0.19441666666666652,
            "r": 0.07502477563077686
        },
        "instance_micro": {
            "f1": 0.09401571630062462,
            "p": 0.19441666666666665,
            "r": 0.06199840552750465
        }
    }
}