{
    "iou_scores": [
        {
            "macro": {
                "f1": 0.002579157755170665,
                "p": 0.0014285714285714288,
                "r": 0.01325434727499823
            },
            "micro": {
                "f1": 0.002474634991338778,
                "p": 0.0014285714285714286,
                "r": 0.009242144177449169
            },
            "threshold": 0.5
        }
    ],
    "rationale_prf": {
        "instance_macro": {
            "f1": 0.0007402702851020457,
            "p": 0.00042857142857142855,
            "r": 0.00321078431372549
        },
        "instance_micro": {
            "f1": 0.0007423904974016332,
            "p": 0.00042857142857142855,
            "r": 0.0027726432532347504
        }
    },
    "token_prf": {
        "instance_macro": {
            "f1": 0.10939564631041343,
            "p": 0.19471428571428592,
            "r": 0.08724466197754792
        },
        "instance_micro": {
            "f1": 0.10559752082122797,
            "p": 0.1947142857142857,
            "r": 0.07244220037204359
        }
    }
}