{
    "iou_scores": [
        {
            "macro": {
                "f1": 0.0016259209645010046,
                "p": 0.00125,
                "r": 0.002325191570881226
            },
            "micro": {
                "f1": 0.0016223231667748218,
                "p": 0.00125,
                "r": 0.0023105360443622922
            },
            "threshold": 0.5
        }
    ],
    "rationale_prf": {
        "instance_macro": {
            "f1": 0.0009602732793522268,
            "p": 0.0007500000000000001,
            "r": 0.0015277777777777776
        },
        "instance_micro": {
            "f1": 0.000973393900064893,
            "p": 0.00075,
            "r": 0.0013863216266173752
        }
    },
    "token_prf": {
        "instance_macro": {
            "f1": 0.0422738167990989,
            "p": 0.1977500000000001,
            "r": 0.024979292178341054
        },
        "instance_micro": {
            "f1": 0.038001441268316116,
            "p": 0.19775,
            "r": 0.02102046239702365
        }
    }
}