{
    "iou_scores": [
        {
            "macro": {
                "f1": 0.0027569211171638366,
                "p": 0.0015384615384615385,
                "r": 0.01325434727499823
            },
            "micro": {
                "f1": 0.0026378264310208386,
                "p": 0.0015384615384615385,
                "r": 0.009242144177449169
            },
            "threshold": 0.5
        }
    ],
    "rationale_prf": {
        "instance_macro": {
            "f1": 0.0007891285530733739,
            "p": 0.0004615384615384616,
            "r": 0.0032107843137254904
        },
        "instance_micro": {
            "f1": 0.0007913479293062516,
            "p": 0.00046153846153846153,
            "r": 0.0027726432532347504
        }
    },
    "token_prf": {
        "instance_macro": {
            "f1": 0.10431407292301494,
            "p": 0.19476923076923072,
            "r": 0.0815028103552416
        },
        "instance_micro": {
            "f1": 0.10001975113569031,
            "p": 0.19476923076923078,
            "r": 0.06728673930374701
        }
    }
}