{
    "iou_scores": [
        {
            "macro": {
                "f1": 0.002538866697077135,
                "p": 0.0014000000000000002,
                "r": 0.013611490132141088
            },
            "micro": {
                "f1": 0.0024469820554649264,
                "p": 0.0014,
                "r": 0.009704251386321626
            },
            "threshold": 0.5
        }
    ],
    "rationale_prf": {
        "instance_macro": {
            "f1": 0.0006971262619245081,
            "p": 0.0004,
            "r": 0.00321078431372549
        },
        "instance_micro": {
            "f1": 0.0006991377301328362,
            "p": 0.0004,
            "r": 0.0027726432532347504
        }
    },
    "token_prf": {
        "instance_macro": {
            "f1": 0.11436578440869503,
            "p": 0.1947333333333333,
            "r": 0.09306299595746599
        },
        "instance_micro": {
            "f1": 0.11100133003990119,
            "p": 0.19473333333333334,
            "r": 0.07762423598192932
        }
    }
}