{
    "iou_scores": [
        {
            "macro": {
                "f1": 0.0014945795179454795,
                "p": 0.0013333333333333333,
                "r": 0.001700191570881226
            },
            "micro": {
                "f1": 0.001549186676994578,
                "p": 0.0013333333333333333,
                "r": 0.0018484288354898336
            },
            "threshold": 0.5
        }
    ],
    "rationale_prf": {
        "instance_macro": {
            "f1": 0.0011495911495911495,
            "p": 0.001,
            "r": 0.0015277777777777776
        },
        "instance_micro": {
            "f1": 0.0011618900077459333,
            "p": 0.001,
            "r": 0.0013863216266173752
        }
    },
    "token_prf": {
        "instance_macro": {
            "f1": 0.03261464286010357,
            "p": 0.196,
            "r": 0.018555008628055168
        },
        "instance_micro": {
            "f1": 0.028944129953236523,
            "p": 0.196,
            "r": 0.01562583045442466
        }
    }
}