{
    "iou_scores": [
        {
            "macro": {
                "f1": 0.002181370278970219,
                "p": 0.001375,
                "r": 0.005274757935888767
            },
            "micro": {
                "f1": 0.0021645021645021645,
                "p": 0.001375,
                "r": 0.005083179297597043
            },
            "threshold": 0.5
        }
    ],
    "rationale_prf": {
        "instance_macro": {
            "f1": 0.0007995040941067928,
            "p": 0.0005,
            "r": 0.002361111111111111
        },
        "instance_micro": {
            "f1": 0.0007870916961826053,
            "p": 0.0005,
            "r": 0.0018484288354898336
        }
    },
    "token_prf": {
        "instance_macro": {
            "f1": 0.07247445165542801,
            "p": 0.19199999999999995,
            "r": 0.04986156384692685
        },
        "instance_micro": {
            "f1": 0.0673241288625904,
            "p": 0.192,
            "r": 0.040818495880946055
        }
    }
}