{
    "iou_scores": [
        {
            "macro": {
                "f1": 0.002079099980125002,
                "p": 0.0012,
                "r": 0.007774757935888768
            },
            "micro": {
                "f1": 0.0019730351857941467,
                "p": 0.0012,
                "r": 0.005545286506469501
            },
            "threshold": 0.5
        }
    ],
    "rationale_prf": {
        "instance_macro": {
            "f1": 0.0006654920032529141,
            "p": 0.0004,
            "r": 0.002361111111111111
        },
        "instance_micro": {
            "f1": 0.0006576783952647156,
            "p": 0.0004,
            "r": 0.0018484288354898336
        }
    },
    "token_prf": {
        "instance_macro": {
            "f1": 0.0864482415413632,
            "p": 0.1949000000000001,
            "r": 0.062350613336882965
        },
        "instance_micro": {
            "f1": 0.08183917698929247,
            "p": 0.1949,
            "r": 0.05179378155726814
        }
    }
}