{
    "iou_scores": [
        {
            "macro": {
                "f1": 0.0026161833288485562,
                "p": 0.0014375000000000002,
                "r": 0.014530607779199914
            },
            "micro": {
                "f1": 0.0025324818321955517,
                "p": 0.0014375,
                "r": 0.010628465804066543
            },
            "threshold": 0.5
        }
    ],
    "rationale_prf": {
        "instance_macro": {
            "f1": 0.0006587469421022797,
            "p": 0.000375,
            "r": 0.0032107843137254904
        },
        "instance_micro": {
            "f1": 0.0006606474344857962,
            "p": 0.000375,
            "r": 0.0027726432532347504
        }
    },
    "token_prf": {
        "instance_macro": {
            "f1": 0.1207193009103616,
            "p": 0.1965624999999999,
            "r": 0.10055077173422092
        },
        "instance_micro": {
            "f1": 0.11728510162222638,
            "p": 0.1965625,
            "r": 0.08357693329790061
        }
    }
}