{
    "iou_scores": [
        {
            "macro": {
                "f1": 0.00198459167465296,
                "p": 0.0012222222222222224,
                "r": 0.005274757935888767
            },
            "micro": {
                "f1": 0.0019706198495163026,
                "p": 0.0012222222222222222,
                "r": 0.005083179297597043
            },
            "threshold": 0.5
        }
    ],
    "rationale_prf": {
        "instance_macro": {
            "f1": 0.0007263256179664848,
            "p": 0.00044444444444444447,
            "r": 0.002361111111111111
        },
        "instance_micro": {
            "f1": 0.0007165890361877464,
            "p": 0.00044444444444444447,
            "r": 0.0018484288354898336
        }
    },
    "token_prf": {
        "instance_macro": {
            "f1": 0.0795936268011314,
            "p": 0.1935555555555555,
            "r": 0.056034611586179194
        },
        "instance_micro": {
            "f1": 0.07471584816641647,
            "p": 0.19355555555555556,
            "r": 0.046292851448312515
        }
    }
}