{
    "iou_scores": [
        {
            "macro": {
                "f1": 0.003914893617021277,
                "p": 0.004,
                "r": 0.003833333333333333
            },
            "micro": {
                "f1": 0.0025284450063211127,
                "p": 0.004,
                "r": 0.0018484288354898336
            },
            "threshold": 0.5
        }
    ],
    "rationale_prf": {
        "instance_macro": {
            "f1": 0.0,
            "p": 0.0,
            "r": 0.0
        },
        "instance_micro": {
            "f1": 0,
            "p": 0.0,
            "r": 0.0
        }
    },
    "token_prf": {
        "instance_macro": {
            "f1": 0.01784497854494656,
            "p": 0.2930000000000001,
            "r": 0.009367084269282351
        },
        "instance_micro": {
            "f1": 0.01516955733885581,
            "p": 0.293,
            "r": 0.007786340685623173
        }
    }
}