{
    "iou_scores": [
        {
            "macro": {
                "f1": 0.004571770635631228,
                "p": 0.002615384615384615,
                "r": 0.018144103301150648
            },
            "micro": {
                "f1": 0.004479283314669653,
                "p": 0.002611968963662902,
                "r": 0.015711645101663587
            },
            "threshold": 0.5
        }
    ],
    "rationale_prf": {
        "instance_macro": {
            "f1": 0.0013588492725501325,
            "p": 0.0008461538461538462,
            "r": 0.0044629545572750446
        },
        "instance_micro": {
            "f1": 0.0014491798959225346,
            "p": 0.0008450487823615273,
            "r": 0.005083179297597043
        }
    },
    "token_prf": {
        "instance_macro": {
            "f1": 0.13915368903116557,
            "p": 0.2607476996289458,
            "r": 0.10986678085653263
        },
        "instance_micro": {
            "f1": 0.13394672932256602,
            "p": 0.26058231543366367,
            "r": 0.09014084507042254
        }
    }
}