{
    "iou_scores": [
        {
            "macro": {
                "f1": 0.005187312535887323,
                "p": 0.003125000000000001,
                "r": 0.015254110189568449
            },
            "micro": {
                "f1": 0.004911108928396032,
                "p": 0.003118373456405139,
                "r": 0.01155268022181146
            },
            "threshold": 0.5
        }
    ],
    "rationale_prf": {
        "instance_macro": {
            "f1": 0.0018046952667595429,
            "p": 0.0012499999999999998,
            "r": 0.0041688369102162205
        },
        "instance_micro": {
            "f1": 0.0019644435713584126,
            "p": 0.0012473493825620556,
            "r": 0.0046210720887245845
        }
    },
    "token_prf": {
        "instance_macro": {
            "f1": 0.10224789925221592,
            "p": 0.27345995670995665,
            "r": 0.07095708542264066
        },
        "instance_micro": {
            "f1": 0.09595373189913903,
            "p": 0.2731695147810902,
            "r": 0.05819824608025512
        }
    }
}