{
    "iou_scores": [
        {
            "macro": {
                "f1": 0.004690789572053616,
                "p": 0.0027272727272727275,
                "r": 0.01675019827997702
            },
            "micro": {
                "f1": 0.004552006676276459,
                "p": 0.002723064355087592,
                "r": 0.013863216266173753
            },
            "threshold": 0.5
        }
    ],
    "rationale_prf": {
        "instance_macro": {
            "f1": 0.0015531567623510761,
            "p": 0.001,
            "r": 0.004462954557275044
        },
        "instance_micro": {
            "f1": 0.0016690691146347017,
            "p": 0.0009984569301987837,
            "r": 0.005083179297597043
        }
    },
    "token_prf": {
        "instance_macro": {
            "f1": 0.1260683061778357,
            "p": 0.2666062498310493,
            "r": 0.09506866739767653
        },
        "instance_micro": {
            "f1": 0.12066520032067751,
            "p": 0.2664064627394027,
            "r": 0.07799627956417751
        }
    }
}