{
    "iou_scores": [
        {
            "macro": {
                "f1": 0.005816215161563628,
                "p": 0.0036666666666666666,
                "r": 0.014056994804953062
            },
            "micro": {
                "f1": 0.005378315609338711,
                "p": 0.003656307129798903,
                "r": 0.010166358595194085
            },
            "threshold": 0.5
        }
    ],
    "rationale_prf": {
        "instance_macro": {
            "f1": 0.0022166951556582574,
            "p": 0.0016666666666666666,
            "r": 0.0041688369102162205
        },
        "instance_micro": {
            "f1": 0.0024446889133357777,
            "p": 0.0016619577862722287,
            "r": 0.0046210720887245845
        }
    },
    "token_prf": {
        "instance_macro": {
            "f1": 0.0824005452754559,
            "p": 0.27717279411764717,
            "r": 0.05302202713018487
        },
        "instance_micro": {
            "f1": 0.07629390336105574,
            "p": 0.2767159714143261,
            "r": 0.044246611745947385
        }
    }
}