{
    "iou_scores": [
        {
            "macro": {
                "f1": 0.004796182749683971,
                "p": 0.002687500000000001,
                "r": 0.022269103301150648
            },
            "micro": {
                "f1": 0.004730212859578682,
                "p": 0.0026846475619654118,
                "r": 0.019870609981515713
            },
            "threshold": 0.5
        }
    ],
    "rationale_prf": {
        "instance_macro": {
            "f1": 0.0013719859804597198,
            "p": 0.0008125000000000001,
            "r": 0.005712954557275044
        },
        "instance_micro": {
            "f1": 0.0014300643528958803,
            "p": 0.0008116376350127989,
            "r": 0.006007393715341959
        }
    },
    "token_prf": {
        "instance_macro": {
            "f1": 0.1535996937112889,
            "p": 0.2519843205574912,
            "r": 0.12915732359344945
        },
        "instance_micro": {
            "f1": 0.15039051577907434,
            "p": 0.2518574015108947,
            "r": 0.10720170077066171
        }
    }
}