{
    "iou_scores": [
        {
            "macro": {
                "f1": 0.005116904962153069,
                "p": 0.0045,
                "r": 0.005929824561403508
            },
            "micro": {
                "f1": 0.00430519014589811,
                "p": 0.004462072384729797,
                "r": 0.004158964879852125
            },
            "threshold": 0.5
        }
    ],
    "rationale_prf": {
        "instance_macro": {
            "f1": 0.0,
            "p": 0.0,
            "r": 0.0
        },
        "instance_micro": {
            "f1": 0,
            "p": 0.0,
            "r": 0.0
        }
    },
    "token_prf": {
        "instance_macro": {
            "f1": 0.03263865174336228,
            "p": 0.28754761904761916,
            "r": 0.017954494258990036
        },
        "instance_micro": {
            "f1": 0.029106868111080285,
            "p": 0.2860684184432325,
            "r": 0.015333510496943929
        }
    }
}