{
    "iou_scores": [
        {
            "macro": {
                "f1": 0.005787772201836226,
                "p": 0.003571428571428572,
                "r": 0.015254110189568449
            },
            "micro": {
                "f1": 0.005446029844243547,
                "p": 0.003562776115148924,
                "r": 0.01155268022181146
            },
            "threshold": 0.5
        }
    ],
    "rationale_prf": {
        "instance_macro": {
            "f1": 0.0019890403118150977,
            "p": 0.0014285714285714286,
            "r": 0.0041688369102162205
        },
        "instance_micro": {
            "f1": 0.0021784119376974183,
            "p": 0.0014251104460595695,
            "r": 0.0046210720887245845
        }
    },
    "token_prf": {
        "instance_macro": {
            "f1": 0.09277218851591412,
            "p": 0.2761268191268196,
            "r": 0.06131921008801917
        },
        "instance_micro": {
            "f1": 0.08667995610007391,
            "p": 0.27575887131252674,
            "r": 0.05142173797501993
        }
    }
}