{
    "iou_scores": [
        {
            "macro": {
                "f1": 0.004699732871132384,
                "p": 0.0027777777777777766,
                "r": 0.015254110189568449
            },
            "micro": {
                "f1": 0.004471871925588051,
                "p": 0.0027725407563491183,
                "r": 0.01155268022181146
            },
            "threshold": 0.5
        }
    ],
    "rationale_prf": {
        "instance_macro": {
            "f1": 0.001652199493477384,
            "p": 0.0011111111111111111,
            "r": 0.0041688369102162205
        },
        "instance_micro": {
            "f1": 0.0017887487702352204,
            "p": 0.0011090163025396474,
            "r": 0.0046210720887245845
        }
    },
    "token_prf": {
        "instance_macro": {
            "f1": 0.11162248960674422,
            "p": 0.2728347565976747,
            "r": 0.08010692577818995
        },
        "instance_micro": {
            "f1": 0.10538727034964736,
            "p": 0.2725962071642453,
            "r": 0.06532022322614935
        }
    }
}