{
    "iou_scores": [
        {
            "macro": {
                "f1": 0.0059475279224515685,
                "p": 0.004,
                "r": 0.011590955097534043
            },
            "micro": {
                "f1": 0.005177155800032357,
                "p": 0.003983071944236993,
                "r": 0.0073937153419593345
            },
            "threshold": 0.5
        }
    ],
    "rationale_prf": {
        "instance_macro": {
            "f1": 0.0011620392186429923,
            "p": 0.001,
            "r": 0.0017027972027972027
        },
        "instance_micro": {
            "f1": 0.0012942889500080893,
            "p": 0.0009957679860592482,
            "r": 0.0018484288354898336
        }
    },
    "token_prf": {
        "instance_macro": {
            "f1": 0.05917921596007017,
            "p": 0.2797462121212122,
            "r": 0.03514162422138951
        },
        "instance_micro": {
            "f1": 0.05383340936922227,
            "p": 0.2790639780931043,
            "r": 0.029790061121445655
        }
    }
}