{
    "iou_scores": [
        {
            "macro": {
                "f1": 0.004845216075015483,
                "p": 0.002733333333333332,
                "r": 0.021310769967817316
            },
            "micro": {
                "f1": 0.004772714044584134,
                "p": 0.0027302390623959514,
                "r": 0.018946395563770795
            },
            "threshold": 0.5
        }
    ],
    "rationale_prf": {
        "instance_macro": {
            "f1": 0.001328592490314921,
            "p": 0.0008,
            "r": 0.0050879545572750425
        },
        "instance_micro": {
            "f1": 0.0013968919154880393,
            "p": 0.0007990943597256443,
            "r": 0.005545286506469501
        }
    },
    "token_prf": {
        "instance_macro": {
            "f1": 0.1488493575326771,
            "p": 0.2543205545509343,
            "r": 0.12271935694572292
        },
        "instance_micro": {
            "f1": 0.14500351397040667,
            "p": 0.2541785975893987,
            "r": 0.1014350252458145
        }
    }
}