{
    "iou_scores": [
        {
            "macro": {
                "f1": 0.004931022425511351,
                "p": 0.002900000000000001,
                "r": 0.0164560806329182
            },
            "micro": {
                "f1": 0.004761513833018635,
                "p": 0.00289507836677648,
                "r": 0.013401109057301294
            },
            "threshold": 0.5
        }
    ],
    "rationale_prf": {
        "instance_macro": {
            "f1": 0.0015238504295746872,
            "p": 0.001,
            "r": 0.0041688369102162205
        },
        "instance_micro": {
            "f1": 0.001641901321730564,
            "p": 0.000998302885095338,
            "r": 0.0046210720887245845
        }
    },
    "token_prf": {
        "instance_macro": {
            "f1": 0.1195625228967498,
            "p": 0.27055982905982895,
            "r": 0.08787947800849129
        },
        "instance_micro": {
            "f1": 0.11366927613490883,
            "p": 0.2703404212838175,
            "r": 0.07196385862343875
        }
    }
}