{
    "iou_scores": [
        {
            "macro": {
                "f1": 0.004726416328666754,
                "p": 0.0036666666666666666,
                "r": 0.006647773279352226
            },
            "micro": {
                "f1": 0.004246284501061572,
                "p": 0.003646005966191581,
                "r": 0.005083179297597043
            },
            "threshold": 0.5
        }
    ],
    "rationale_prf": {
        "instance_macro": {
            "f1": 0.0006904761904761906,
            "p": 0.0006666666666666666,
            "r": 0.0007179487179487179
        },
        "instance_micro": {
            "f1": 0.0007720517274657403,
            "p": 0.0006629101756711965,
            "r": 0.0009242144177449168
        }
    },
    "token_prf": {
        "instance_macro": {
            "f1": 0.045821853780795195,
            "p": 0.28129618163054715,
            "r": 0.02615561976512645
        },
        "instance_micro": {
            "f1": 0.04162668831648092,
            "p": 0.28041100430891613,
            "r": 0.022482062184427318
        }
    }
}