{
    "iou_scores": [
        {
            "macro": {
                "f1": 0.006182520723689628,
                "p": 0.004,
                "r": 0.013606803234071835
            },
            "micro": {
                "f1": 0.005570254839158891,
                "p": 0.003986446083316724,
                "r": 0.009242144177449169
            },
            "threshold": 0.5
        }
    ],
    "rationale_prf": {
        "instance_macro": {
            "f1": 0.0020878135881846577,
            "p": 0.0016,
            "r": 0.0037186453393349946
        },
        "instance_micro": {
            "f1": 0.0022281019356635563,
            "p": 0.0015945784333266893,
            "r": 0.0036968576709796672
        }
    },
    "token_prf": {
        "instance_macro": {
            "f1": 0.07160352814060561,
            "p": 0.2769954022988504,
            "r": 0.044871064264296295
        },
        "instance_micro": {
            "f1": 0.06504560695945788,
            "p": 0.27646003587801476,
            "r": 0.036858889184161574
        }
    }
}