{
    "iou_scores": [
        {
            "macro": {
                "f1": 0.004529159406593526,
                "p": 0.0025714285714285717,
                "r": 0.01897743663448398
            },
            "micro": {
                "f1": 0.00444966318521723,
                "p": 0.0025683099093957336,
                "r": 0.0166358595194085
            },
            "threshold": 0.5
        }
    ],
    "rationale_prf": {
        "instance_macro": {
            "f1": 0.0012790124229086588,
            "p": 0.0007857142857142859,
            "r": 0.004462954557275044
        },
        "instance_micro": {
            "f1": 0.0013596193065941536,
            "p": 0.000784761361204252,
            "r": 0.005083179297597043
        }
    },
    "token_prf": {
        "instance_macro": {
            "f1": 0.1436116092454343,
            "p": 0.25613009438009465,
            "r": 0.1161726959725244
        },
        "instance_micro": {
            "f1": 0.13894321064146997,
            "p": 0.25597488763644144,
            "r": 0.09534945522189742
        }
    }
}