{
    "iou_scores": [
        {
            "macro": {
                "f1": 0.004901294050588186,
                "p": 0.002833333333333333,
                "r": 0.018144103301150648
            },
            "micro": {
                "f1": 0.004795148438050912,
                "p": 0.002829325122742781,
                "r": 0.015711645101663587
            },
            "threshold": 0.5
        }
    ],
    "rationale_prf": {
        "instance_macro": {
            "f1": 0.0014494437853072022,
            "p": 0.0009166666666666666,
            "r": 0.004462954557275044
        },
        "instance_micro": {
            "f1": 0.0015513715534870602,
            "p": 0.0009153698926520762,
            "r": 0.005083179297597043
        }
    },
    "token_prf": {
        "instance_macro": {
            "f1": 0.13261316762732903,
            "p": 0.26280023521505375,
            "r": 0.10246541941144174
        },
        "instance_micro": {
            "f1": 0.12713759139525047,
            "p": 0.26262794374635934,
            "r": 0.08386925325538135
        }
    }
}