{
    "iou_scores": [
        {
            "macro": {
                "f1": 0.0083876181067468,
                "p": 0.004916666666666668,
                "r": 0.028525066070958564
            },
            "micro": {
                "f1": 0.008330979949166904,
                "p": 0.004916666666666666,
                "r": 0.027264325323475048
            },
            "threshold": 0.5
        }
    ],
    "rationale_prf": {
        "instance_macro": {
            "f1": 0.0025558491905355975,
            "p": 0.0015833333333333333,
            "r": 0.008306388900709387
        },
        "instance_micro": {
            "f1": 0.0026828579497317146,
            "p": 0.0015833333333333333,
            "r": 0.00878003696857671
        }
    },
    "token_prf": {
        "instance_macro": {
            "f1": 0.21134168902266112,
            "p": 0.4029166666666666,
            "r": 0.1626790051562253
        },
        "instance_micro": {
            "f1": 0.19484182953858553,
            "p": 0.40291666666666665,
            "r": 0.12848790858357692
        }
    }
}