{
    "iou_scores": [
        {
            "macro": {
                "f1": 0.008675881903653005,
                "p": 0.005666666666666666,
                "r": 0.018500180375180374
            },
            "micro": {
                "f1": 0.008329250367466928,
                "p": 0.005666666666666667,
                "r": 0.015711645101663587
            },
            "threshold": 0.5
        }
    ],
    "rationale_prf": {
        "instance_macro": {
            "f1": 0.001519026145727044,
            "p": 0.001,
            "r": 0.003551767676767677
        },
        "instance_micro": {
            "f1": 0.0014698677119059284,
            "p": 0.001,
            "r": 0.0027726432532347504
        }
    },
    "token_prf": {
        "instance_macro": {
            "f1": 0.1393469181458616,
            "p": 0.43650000000000005,
            "r": 0.08991767643982936
        },
        "instance_micro": {
            "f1": 0.1200550080220032,
            "p": 0.4365,
            "r": 0.06959872442200372
        }
    }
}