{
    "iou_scores": [
        {
            "macro": {
                "f1": 0.008520604675667346,
                "p": 0.004928571428571428,
                "r": 0.0314202836407451
            },
            "micro": {
                "f1": 0.008537490720118784,
                "p": 0.004928571428571429,
                "r": 0.03188539741219963
            },
            "threshold": 0.5
        }
    ],
    "rationale_prf": {
        "instance_macro": {
            "f1": 0.0023694216476727575,
            "p": 0.0014285714285714288,
            "r": 0.008663531757852245
        },
        "instance_micro": {
            "f1": 0.002474634991338778,
            "p": 0.0014285714285714286,
            "r": 0.009242144177449169
        }
    },
    "token_prf": {
        "instance_macro": {
            "f1": 0.22842757087383092,
            "p": 0.3925714285714287,
            "r": 0.18464704996261497
        },
        "instance_micro": {
            "f1": 0.2128994770482278,
            "p": 0.39257142857142857,
            "r": 0.1460536805740101
        }
    }
}