{
    "iou_scores": [
        {
            "macro": {
                "f1": 0.006915130732961852,
                "p": 0.006500000000000001,
                "r": 0.007386904761904761
            },
            "micro": {
                "f1": 0.006243996157540827,
                "p": 0.0065,
                "r": 0.006007393715341959
            },
            "threshold": 0.5
        }
    ],
    "rationale_prf": {
        "instance_macro": {
            "f1": 0.0005555555555555556,
            "p": 0.0005,
            "r": 0.000625
        },
        "instance_micro": {
            "f1": 0.0004803073967339097,
            "p": 0.0005,
            "r": 0.0004621072088724584
        }
    },
    "token_prf": {
        "instance_macro": {
            "f1": 0.06141008635018113,
            "p": 0.48099999999999987,
            "r": 0.03400047759105522
        },
        "instance_micro": {
            "f1": 0.04854907898057027,
            "p": 0.481,
            "r": 0.025564709008769598
        }
    }
}