{
    "iou_scores": [
        {
            "macro": {
                "f1": 0.008136129457678455,
                "p": 0.0046666666666666645,
                "r": 0.03171440128780392
            },
            "micro": {
                "f1": 0.008156606851549756,
                "p": 0.004666666666666667,
                "r": 0.03234750462107209
            },
            "threshold": 0.5
        }
    ],
    "rationale_prf": {
        "instance_macro": {
            "f1": 0.00223600692121029,
            "p": 0.0013333333333333333,
            "r": 0.008663531757852245
        },
        "instance_micro": {
            "f1": 0.002330459100442787,
            "p": 0.0013333333333333333,
            "r": 0.009242144177449169
        }
    },
    "token_prf": {
        "instance_macro": {
            "f1": 0.23587893976243696,
            "p": 0.3877333333333333,
            "r": 0.1951650317426655
        },
        "instance_micro": {
            "f1": 0.2210146304389132,
            "p": 0.3877333333333333,
            "r": 0.15455753388254054
        }
    }
}