{
    "iou_scores": [
        {
            "macro": {
                "f1": 0.008713702122865883,
                "p": 0.005076923076923077,
                "r": 0.030718313197395347
            },
            "micro": {
                "f1": 0.008704827222368768,
                "p": 0.005076923076923077,
                "r": 0.030499075785582256
            },
            "threshold": 0.5
        }
    ],
    "rationale_prf": {
        "instance_macro": {
            "f1": 0.0023933222046865384,
            "p": 0.0014615384615384616,
            "r": 0.008306388900709387
        },
        "instance_micro": {
            "f1": 0.002505935109469797,
            "p": 0.0014615384615384616,
            "r": 0.00878003696857671
        }
    },
    "token_prf": {
        "instance_macro": {
            "f1": 0.22073884965388005,
            "p": 0.3983076923076924,
            "r": 0.1743126094113934
        },
        "instance_micro": {
            "f1": 0.20454276120876952,
            "p": 0.3983076923076923,
            "r": 0.13760297634865798
        }
    }
}