{
    "iou_scores": [
        {
            "macro": {
                "f1": 0.00849824243108971,
                "p": 0.005100000000000001,
                "r": 0.025468396433406575
            },
            "micro": {
                "f1": 0.008385399539625124,
                "p": 0.0051,
                "r": 0.02356746765249538
            },
            "threshold": 0.5
        }
    ],
    "rationale_prf": {
        "instance_macro": {
            "f1": 0.0023283713075644276,
            "p": 0.0015,
            "r": 0.006712954557275045
        },
        "instance_micro": {
            "f1": 0.0024662939822426835,
            "p": 0.0015,
            "r": 0.006931608133086876
        }
    },
    "token_prf": {
        "instance_macro": {
            "f1": 0.19117768723493037,
            "p": 0.41190000000000004,
            "r": 0.13946530033822102
        },
        "instance_micro": {
            "f1": 0.1729582196094898,
            "p": 0.4119,
            "r": 0.1094605368057401
        }
    }
}