{
    "iou_scores": [
        {
            "macro": {
                "f1": 0.008306012523362568,
                "p": 0.005125000000000001,
                "r": 0.021897422022422022
            },
            "micro": {
                "f1": 0.008067689885871704,
                "p": 0.005125,
                "r": 0.018946395563770795
            },
            "threshold": 0.5
        }
    ],
    "rationale_prf": {
        "instance_macro": {
            "f1": 0.0019254133168254187,
            "p": 0.0012499999999999998,
            "r": 0.005199009324009324
        },
        "instance_micro": {
            "f1": 0.0019677292404565133,
            "p": 0.00125,
            "r": 0.0046210720887245845
        }
    },
    "token_prf": {
        "instance_macro": {
            "f1": 0.1693617501278425,
            "p": 0.4265000000000001,
            "r": 0.11637580508255498
        },
        "instance_micro": {
            "f1": 0.1495507341661188,
            "p": 0.4265,
            "r": 0.09067233590220569
        }
    }
}