{
    "iou_scores": [
        {
            "macro": {
                "f1": 0.00843607523589069,
                "p": 0.005000000000000001,
                "r": 0.026970847413798734
            },
            "micro": {
                "f1": 0.008356122759039806,
                "p": 0.005,
                "r": 0.02541589648798521
            },
            "threshold": 0.5
        }
    ],
    "rationale_prf": {
        "instance_macro": {
            "f1": 0.0023012181727075686,
            "p": 0.0014545454545454547,
            "r": 0.007046287890608376
        },
        "instance_micro": {
            "f1": 0.002430872075357034,
            "p": 0.0014545454545454545,
            "r": 0.0073937153419593345
        }
    },
    "token_prf": {
        "instance_macro": {
            "f1": 0.20112700682132054,
            "p": 0.4062727272727276,
            "r": 0.15052198513909473
        },
        "instance_micro": {
            "f1": 0.18379601069298787,
            "p": 0.4062727272727273,
            "r": 0.11876162636194526
        }
    }
}