{
    "iou_scores": [
        {
            "macro": {
                "f1": 0.007727521174316636,
                "p": 0.0052,
                "r": 0.015035894660894661
            },
            "micro": {
                "f1": 0.007258514796203238,
                "p": 0.0052,
                "r": 0.012014787430683918
            },
            "threshold": 0.5
        }
    ],
    "rationale_prf": {
        "instance_macro": {
            "f1": 0.0011256109481915934,
            "p": 0.0008,
            "r": 0.002162878787878788
        },
        "instance_micro": {
            "f1": 0.0011166945840312675,
            "p": 0.0008,
            "r": 0.0018484288354898336
        }
    },
    "token_prf": {
        "instance_macro": {
            "f1": 0.12212813499961601,
            "p": 0.4420000000000001,
            "r": 0.07579851789943341
        },
        "instance_micro": {
            "f1": 0.10368285245132536,
            "p": 0.442,
            "r": 0.05872973691203827
        }
    }
}