{
    "iou_scores": [
        {
            "macro": {
                "f1": 0.00684924811602769,
                "p": 0.005000000000000001,
                "r": 0.010869227994227997
            },
            "micro": {
                "f1": 0.006489292667099287,
                "p": 0.005,
                "r": 0.009242144177449169
            },
            "threshold": 0.5
        }
    ],
    "rationale_prf": {
        "instance_macro": {
            "f1": 0.0010643388869195321,
            "p": 0.0007500000000000001,
            "r": 0.0019128787878787878
        },
        "instance_micro": {
            "f1": 0.000973393900064893,
            "p": 0.00075,
            "r": 0.0013863216266173752
        }
    },
    "token_prf": {
        "instance_macro": {
            "f1": 0.10430987828390151,
            "p": 0.4525000000000001,
            "r": 0.062473753453969556
        },
        "instance_micro": {
            "f1": 0.08695652173913045,
            "p": 0.4525,
            "r": 0.04809992027637523
        }
    }
}