{
    "iou_scores": [
        {
            "macro": {
                "f1": 0.008362437690443097,
                "p": 0.005285714285714286,
                "r": 0.020009795759795758
            },
            "micro": {
                "f1": 0.008075076385857704,
                "p": 0.005285714285714286,
                "r": 0.017097966728280962
            },
            "threshold": 0.5
        }
    ],
    "rationale_prf": {
        "instance_macro": {
            "f1": 0.0015551785643557329,
            "p": 0.001,
            "r": 0.003936383061383062
        },
        "instance_micro": {
            "f1": 0.0015277171540811873,
            "p": 0.001,
            "r": 0.003234750462107209
        }
    },
    "token_prf": {
        "instance_macro": {
            "f1": 0.1548874363742687,
            "p": 0.43057142857142877,
            "r": 0.10338322193972543
        },
        "instance_micro": {
            "f1": 0.13506609903652253,
            "p": 0.43057142857142855,
            "r": 0.08009566834972097
        }
    }
}