{
    "iou_scores": [
        {
            "macro": {
                "f1": 0.0070698795180722885,
                "p": 0.009,
                "r": 0.005821428571428572
            },
            "micro": {
                "f1": 0.005689001264222503,
                "p": 0.009,
                "r": 0.004158964879852125
            },
            "threshold": 0.5
        }
    ],
    "rationale_prf": {
        "instance_macro": {
            "f1": 0.0,
            "p": 0.0,
            "r": 0.0
        },
        "instance_micro": {
            "f1": 0,
            "p": 0.0,
            "r": 0.0
        }
    },
    "token_prf": {
        "instance_macro": {
            "f1": 0.03393885975087839,
            "p": 0.5109999999999998,
            "r": 0.01787995242809766
        },
        "instance_micro": {
            "f1": 0.026456122184830445,
            "p": 0.511,
            "r": 0.013579590752059527
        }
    }
}