{
    "iou_scores": [
        {
            "macro": {
                "f1": 0.008243624544813886,
                "p": 0.0046875,
                "r": 0.03415487747828012
            },
            "micro": {
                "f1": 0.008258092931072452,
                "p": 0.0046875,
                "r": 0.03465804066543438
            },
            "threshold": 0.5
        }
    ],
    "rationale_prf": {
        "instance_macro": {
            "f1": 0.0023418724113438284,
            "p": 0.0013750000000000004,
            "r": 0.009913531757852246
        },
        "instance_micro": {
            "f1": 0.0024223739264479186,
            "p": 0.001375,
            "r": 0.010166358595194085
        }
    },
    "token_prf": {
        "instance_macro": {
            "f1": 0.24249506581419308,
            "p": 0.38299999999999984,
            "r": 0.20490367873921222
        },
        "instance_micro": {
            "f1": 0.2285288085027037,
            "p": 0.383,
            "r": 0.16284879085835768
        }
    }
}