{
    "iou_scores": [
        {
            "macro": {
                "f1": 0.005953502694380291,
                "p": 0.004666666666666666,
                "r": 0.008220238095238095
            },
            "micro": {
                "f1": 0.005422153369481022,
                "p": 0.004666666666666667,
                "r": 0.006469500924214418
            },
            "threshold": 0.5
        }
    ],
    "rationale_prf": {
        "instance_macro": {
            "f1": 0.0009109730848861283,
            "p": 0.0006666666666666666,
            "r": 0.0014583333333333332
        },
        "instance_micro": {
            "f1": 0.000774593338497289,
            "p": 0.0006666666666666666,
            "r": 0.0009242144177449168
        }
    },
    "token_prf": {
        "instance_macro": {
            "f1": 0.08442918214464167,
            "p": 0.46566666666666656,
            "r": 0.04868138486404731
        },
        "instance_micro": {
            "f1": 0.06876692099433916,
            "p": 0.4656666666666667,
            "r": 0.03712463460005315
        }
    }
}