{
    "iou_scores": [
        {
            "macro": {
                "f1": 0.008593689581839627,
                "p": 0.005222222222222222,
                "r": 0.024248568847199677
            },
            "micro": {
                "f1": 0.008419921175206018,
                "p": 0.005222222222222222,
                "r": 0.021719038817005546
            },
            "threshold": 0.5
        }
    ],
    "rationale_prf": {
        "instance_macro": {
            "f1": 0.002392817243887121,
            "p": 0.0015555555555555553,
            "r": 0.006540540764171596
        },
        "instance_micro": {
            "f1": 0.0025080616266571123,
            "p": 0.0015555555555555555,
            "r": 0.006469500924214418
        }
    },
    "token_prf": {
        "instance_macro": {
            "f1": 0.18048661315584036,
            "p": 0.4188888888888885,
            "r": 0.12824664700961524
        },
        "instance_micro": {
            "f1": 0.16169847737508042,
            "p": 0.41888888888888887,
            "r": 0.1001860217911241
        }
    }
}