{
    "iou_scores": [
        {
            "macro": {
                "f1": 0.008034675532569074,
                "p": 0.0045625,
                "r": 0.03362137438199678
            },
            "micro": {
                "f1": 0.008037877119577186,
                "p": 0.0045625,
                "r": 0.03373382624768946
            },
            "threshold": 0.5
        }
    ],
    "rationale_prf": {
        "instance_macro": {
            "f1": 0.0020022238602958116,
            "p": 0.0011875000000000002,
            "r": 0.008046287890608378
        },
        "instance_micro": {
            "f1": 0.0020920502092050207,
            "p": 0.0011875,
            "r": 0.00878003696857671
        }
    },
    "token_prf": {
        "instance_macro": {
            "f1": 0.2500539036975091,
            "p": 0.39656250000000015,
            "r": 0.2112947139427699
        },
        "instance_micro": {
            "f1": 0.23662129405183666,
            "p": 0.3965625,
            "r": 0.16861546638320488
        }
    }
}