{
    "iou_scores": [
        {
            "macro": {
                "f1": 0.0083923963895067,
                "p": 0.004799999999999999,
                "r": 0.03335821648725994
            },
            "micro": {
                "f1": 0.008389652761594034,
                "p": 0.0048,
                "r": 0.033271719038817
            },
            "threshold": 0.5
        }
    ],
    "rationale_prf": {
        "instance_macro": {
            "f1": 0.0021143743216801747,
            "p": 0.0012666666666666668,
            "r": 0.008046287890608376
        },
        "instance_micro": {
            "f1": 0.002213936145420648,
            "p": 0.0012666666666666666,
            "r": 0.00878003696857671
        }
    },
    "token_prf": {
        "instance_macro": {
            "f1": 0.24256919353699402,
            "p": 0.4011333333333335,
            "r": 0.19981863660770183
        },
        "instance_micro": {
            "f1": 0.2286528595857876,
            "p": 0.40113333333333334,
            "r": 0.1598990167419612
        }
    }
}