{
    "iou_scores": [
        {
            "macro": {
                "f1": 0.008653719797187473,
                "p": 0.005083333333333334,
                "r": 0.029075536748697846
            },
            "micro": {
                "f1": 0.00861338604913866,
                "p": 0.005083333333333333,
                "r": 0.028188539741219962
            },
            "threshold": 0.5
        }
    ],
    "rationale_prf": {
        "instance_macro": {
            "f1": 0.0021334823809826264,
            "p": 0.0013333333333333333,
            "r": 0.006824065668386154
        },
        "instance_micro": {
            "f1": 0.002259248799774075,
            "p": 0.0013333333333333333,
            "r": 0.0073937153419593345
        }
    },
    "token_prf": {
        "instance_macro": {
            "f1": 0.21805370721117248,
            "p": 0.41666666666666635,
            "r": 0.16615423399995105
        },
        "instance_micro": {
            "f1": 0.20149103364900262,
            "p": 0.4166666666666667,
            "r": 0.13287270794578793
        }
    }
}