{
    "iou_scores": [
        {
            "macro": {
                "f1": 0.010895037785720936,
                "p": 0.0071666666666666675,
                "r": 0.022709247372646804
            },
            "micro": {
                "f1": 0.010534051935325821,
                "p": 0.007166666666666667,
                "r": 0.019870609981515713
            },
            "threshold": 0.5
        }
    ],
    "rationale_prf": {
        "instance_macro": {
            "f1": 0.003177144423946272,
            "p": 0.002333333333333333,
            "r": 0.006240732335052821
        },
        "instance_micro": {
            "f1": 0.0034296913277805,
            "p": 0.0023333333333333335,
            "r": 0.006469500924214418
        }
    },
    "token_prf": {
        "instance_macro": {
            "f1": 0.14828489322026098,
            "p": 0.46516666666666673,
            "r": 0.09624346784123723
        },
        "instance_micro": {
            "f1": 0.12793949117579648,
            "p": 0.4651666666666667,
            "r": 0.07416954557533882
        }
    }
}