{
    "iou_scores": [
        {
            "macro": {
                "f1": 0.010005258119140588,
                "p": 0.006250000000000001,
                "r": 0.025065865019705633
            },
            "micro": {
                "f1": 0.009838646202282567,
                "p": 0.00625,
                "r": 0.02310536044362292
            },
            "threshold": 0.5
        }
    ],
    "rationale_prf": {
        "instance_macro": {
            "f1": 0.002925261716763718,
            "p": 0.0020000000000000005,
            "r": 0.006824065668386155
        },
        "instance_micro": {
            "f1": 0.0031483667847304214,
            "p": 0.002,
            "r": 0.0073937153419593345
        }
    },
    "token_prf": {
        "instance_macro": {
            "f1": 0.17585862953387452,
            "p": 0.44562499999999977,
            "r": 0.12098041165522455
        },
        "instance_micro": {
            "f1": 0.15625684856454086,
            "p": 0.445625,
            "r": 0.0947382407653468
        }
    }
}