{
    "iou_scores": [
        {
            "macro": {
                "f1": 0.010099388972559785,
                "p": 0.006428571428571428,
                "r": 0.02354258070598014
            },
            "micro": {
                "f1": 0.009821038847664774,
                "p": 0.0064285714285714285,
                "r": 0.020794824399260628
            },
            "threshold": 0.5
        }
    ],
    "rationale_prf": {
        "instance_macro": {
            "f1": 0.002844912176762402,
            "p": 0.002,
            "r": 0.006240732335052822
        },
        "instance_micro": {
            "f1": 0.0030554343081623746,
            "p": 0.002,
            "r": 0.006469500924214418
        }
    },
    "token_prf": {
        "instance_macro": {
            "f1": 0.16294360866670238,
            "p": 0.45457142857142846,
            "r": 0.10902116803216039
        },
        "instance_micro": {
            "f1": 0.14259466726417208,
            "p": 0.45457142857142857,
            "r": 0.08456019133669944
        }
    }
}