{
    "iou_scores": [
        {
            "macro": {
                "f1": 0.007813988243499053,
                "p": 0.006500000000000001,
                "r": 0.009793831168831169
            },
            "micro": {
                "f1": 0.006243996157540827,
                "p": 0.0065,
                "r": 0.006007393715341959
            },
            "threshold": 0.5
        }
    ],
    "rationale_prf": {
        "instance_macro": {
            "f1": 0.0014317460317460318,
            "p": 0.0015000000000000002,
            "r": 0.001412878787878788
        },
        "instance_micro": {
            "f1": 0.0014409221902017292,
            "p": 0.0015,
            "r": 0.0013863216266173752
        }
    },
    "token_prf": {
        "instance_macro": {
            "f1": 0.06477287920245424,
            "p": 0.5065,
            "r": 0.035895111609771185
        },
        "instance_micro": {
            "f1": 0.051122886701993435,
            "p": 0.5065,
            "r": 0.026920010629816634
        }
    }
}