{
    "iou_scores": [
        {
            "macro": {
                "f1": 0.010503864118332899,
                "p": 0.007500000000000002,
                "r": 0.017521485773754376
            },
            "micro": {
                "f1": 0.00973393900064893,
                "p": 0.0075,
                "r": 0.013863216266173753
            },
            "threshold": 0.5
        }
    ],
    "rationale_prf": {
        "instance_macro": {
            "f1": 0.0024029872107430585,
            "p": 0.002,
            "r": 0.0035797564504461057
        },
        "instance_micro": {
            "f1": 0.0025957170668397147,
            "p": 0.002,
            "r": 0.0036968576709796672
        }
    },
    "token_prf": {
        "instance_macro": {
            "f1": 0.11234188501708353,
            "p": 0.4854999999999999,
            "r": 0.06756654031885492
        },
        "instance_micro": {
            "f1": 0.09329810233005044,
            "p": 0.4855,
            "r": 0.05160775976614403
        }
    }
}