{
    "iou_scores": [
        {
            "macro": {
                "f1": 0.009211433292572837,
                "p": 0.006999999999999999,
                "r": 0.013465413971992921
            },
            "micro": {
                "f1": 0.008133230054221533,
                "p": 0.007,
                "r": 0.009704251386321626
            },
            "threshold": 0.5
        }
    ],
    "rationale_prf": {
        "instance_macro": {
            "f1": 0.0019860646599777036,
            "p": 0.0016666666666666666,
            "r": 0.0026308275058275054
        },
        "instance_micro": {
            "f1": 0.0019364833462432226,
            "p": 0.0016666666666666668,
            "r": 0.0023105360443622922
        }
    },
    "token_prf": {
        "instance_macro": {
            "f1": 0.09029934694432566,
            "p": 0.4969999999999999,
            "r": 0.05217842972989897
        },
        "instance_micro": {
            "f1": 0.0733940438099926,
            "p": 0.497,
            "r": 0.03962264150943396
        }
    }
}