{
    "iou_scores": [
        {
            "macro": {
                "f1": 0.008883068040755756,
                "p": 0.0052727272727272735,
                "r": 0.028175153606935392
            },
            "micro": {
                "f1": 0.008811911273169252,
                "p": 0.005272727272727273,
                "r": 0.026802218114602587
            },
            "threshold": 0.5
        }
    ],
    "rationale_prf": {
        "instance_macro": {
            "f1": 0.002287825315564712,
            "p": 0.0014545454545454547,
            "r": 0.006824065668386155
        },
        "instance_micro": {
            "f1": 0.002430872075357034,
            "p": 0.0014545454545454545,
            "r": 0.0073937153419593345
        }
    },
    "token_prf": {
        "instance_macro": {
            "f1": 0.20873863116893004,
            "p": 0.4232727272727273,
            "r": 0.15526500580979197
        },
        "instance_micro": {
            "f1": 0.1914867365823566,
            "p": 0.4232727272727273,
            "r": 0.12373106563911773
        }
    }
}