{
    "iou_scores": [
        {
            "macro": {
                "f1": 0.011466226226051231,
                "p": 0.007800000000000002,
                "r": 0.021635573075341676
            },
            "micro": {
                "f1": 0.010887772194304856,
                "p": 0.0078,
                "r": 0.018022181146025877
            },
            "threshold": 0.5
        }
    ],
    "rationale_prf": {
        "instance_macro": {
            "f1": 0.003177117554104837,
            "p": 0.0024,
            "r": 0.00577420089489055
        },
        "instance_micro": {
            "f1": 0.003350083752093802,
            "p": 0.0024,
            "r": 0.005545286506469501
        }
    },
    "token_prf": {
        "instance_macro": {
            "f1": 0.13085596295597038,
            "p": 0.47319999999999984,
            "r": 0.08202976396855695
        },
        "instance_micro": {
            "f1": 0.11100164203612481,
            "p": 0.4732,
            "r": 0.06287536539994686
        }
    }
}