{
    "iou_scores": [
        {
            "macro": {
                "f1": 0.009784247095897142,
                "p": 0.006000000000000001,
                "r": 0.02649459805137984
            },
            "micro": {
                "f1": 0.009673951988534575,
                "p": 0.006,
                "r": 0.024953789279112754
            },
            "threshold": 0.5
        }
    ],
    "rationale_prf": {
        "instance_macro": {
            "f1": 0.0026761005271704053,
            "p": 0.0017777777777777772,
            "r": 0.006824065668386154
        },
        "instance_micro": {
            "f1": 0.0028663561447509855,
            "p": 0.0017777777777777779,
            "r": 0.0073937153419593345
        }
    },
    "token_prf": {
        "instance_macro": {
            "f1": 0.18866036721049473,
            "p": 0.4390000000000001,
            "r": 0.13345852572934241
        },
        "instance_micro": {
            "f1": 0.1694617199227965,
            "p": 0.439,
            "r": 0.10499601381876163
        }
    }
}