{
    "iou_scores": [
        {
            "macro": {
                "f1": 0.0031860095389507153,
                "p": 0.006,
                "r": 0.0021688311688311686
            },
            "micro": {
                "f1": 0.0037926675094816687,
                "p": 0.006,
                "r": 0.0027726432532347504
            },
            "threshold": 0.5
        }
    ],
    "rationale_prf": {
        "instance_macro": {
            "f1": 0.0011250000000000001,
            "p": 0.002,
            "r": 0.0007878787878787879
        },
        "instance_micro": {
            "f1": 0.0012642225031605564,
            "p": 0.002,
            "r": 0.0009242144177449168
        }
    },
    "token_prf": {
        "instance_macro": {
            "f1": 0.03581674784352871,
            "p": 0.5279999999999998,
            "r": 0.018946921724036864
        },
        "instance_micro": {
            "f1": 0.02733626714988351,
            "p": 0.528,
            "r": 0.014031357959075206
        }
    }
}