{
    "iou_scores": [
        {
            "macro": {
                "f1": 0.008794593501356652,
                "p": 0.0050714285714285705,
                "r": 0.033080438709482164
            },
            "micro": {
                "f1": 0.008784954219252659,
                "p": 0.005071428571428571,
                "r": 0.032809611829944546
            },
            "threshold": 0.5
        }
    ],
    "rationale_prf": {
        "instance_macro": {
            "f1": 0.002239933238356394,
            "p": 0.0013571428571428573,
            "r": 0.008046287890608376
        },
        "instance_micro": {
            "f1": 0.0023509032417718388,
            "p": 0.0013571428571428571,
            "r": 0.00878003696857671
        }
    },
    "token_prf": {
        "instance_macro": {
            "f1": 0.23521506387436836,
            "p": 0.40628571428571447,
            "r": 0.1893720376211105
        },
        "instance_micro": {
            "f1": 0.22033701336432307,
            "p": 0.4062857142857143,
            "r": 0.15115599255912834
        }
    }
}