{
    "iou_scores": [
        {
            "macro": {
                "f1": 0.009293625921953796,
                "p": 0.005600000000000002,
                "r": 0.027300153606935395
            },
            "micro": {
                "f1": 0.009207497533706017,
                "p": 0.0056,
                "r": 0.025878003696857672
            },
            "threshold": 0.5
        }
    ],
    "rationale_prf": {
        "instance_macro": {
            "f1": 0.0024665720898330067,
            "p": 0.0016,
            "r": 0.006824065668386154
        },
        "instance_micro": {
            "f1": 0.0026307135810588623,
            "p": 0.0016,
            "r": 0.0073937153419593345
        }
    },
    "token_prf": {
        "instance_macro": {
            "f1": 0.19888178622255445,
            "p": 0.43029999999999985,
            "r": 0.14428302201160223
        },
        "instance_micro": {
            "f1": 0.180684442578207,
            "p": 0.4303,
            "r": 0.11435025245814509
        }
    }
}