{
    "iou_scores": [
        {
            "macro": {
                "f1": 0.008864148420916386,
                "p": 0.0051538461538461556,
                "r": 0.03164743217353444
            },
            "micro": {
                "f1": 0.00883671854391981,
                "p": 0.005153846153846154,
                "r": 0.030961182994454713
            },
            "threshold": 0.5
        }
    ],
    "rationale_prf": {
        "instance_macro": {
            "f1": 0.0022463431169179766,
            "p": 0.0013846153846153847,
            "r": 0.007490732335052821
        },
        "instance_micro": {
            "f1": 0.0023740437879187547,
            "p": 0.0013846153846153845,
            "r": 0.00831792975970425
        }
    },
    "token_prf": {
        "instance_macro": {
            "f1": 0.22765323244704647,
            "p": 0.4124615384615383,
            "r": 0.17854339877950054
        },
        "instance_micro": {
            "f1": 0.2118111791428007,
            "p": 0.41246153846153844,
            "r": 0.142492692001063
        }
    }
}