{
    "iou_scores": [
        {
            "macro": {
                "f1": 0.006299359266673364,
                "p": 0.004999999999999999,
                "r": 0.008511173767752714
            },
            "micro": {
                "f1": 0.005809450038729668,
                "p": 0.005,
                "r": 0.006931608133086876
            },
            "threshold": 0.5
        }
    ],
    "rationale_prf": {
        "instance_macro": {
            "f1": 0.0009109730848861283,
            "p": 0.0006666666666666666,
            "r": 0.0014583333333333332
        },
        "instance_micro": {
            "f1": 0.000774593338497289,
            "p": 0.0006666666666666666,
            "r": 0.0009242144177449168
        }
    },
    "token_prf": {
        "instance_macro": {
            "f1": 0.07390737092227075,
            "p": 0.4159999999999998,
            "r": 0.04237121050440495
        },
        "instance_micro": {
            "f1": 0.06143243908442038,
            "p": 0.416,
            "r": 0.03316502790326867
        }
    }
}