{
    "iou_scores": [
        {
            "macro": {
                "f1": 0.005773492505213292,
                "p": 0.004000000000000001,
                "r": 0.01037228487886383
            },
            "micro": {
                "f1": 0.005583472920156337,
                "p": 0.004,
                "r": 0.009242144177449169
            },
            "threshold": 0.5
        }
    ],
    "rationale_prf": {
        "instance_macro": {
            "f1": 0.0006256109481915934,
            "p": 0.0004,
            "r": 0.0014583333333333332
        },
        "instance_micro": {
            "f1": 0.0005583472920156337,
            "p": 0.0004,
            "r": 0.0009242144177449168
        }
    },
    "token_prf": {
        "instance_macro": {
            "f1": 0.10251674662132235,
            "p": 0.38219999999999993,
            "r": 0.06322695457353664
        },
        "instance_micro": {
            "f1": 0.0896551724137931,
            "p": 0.3822,
            "r": 0.05078394897688015
        }
    }
}