{
    "iou_scores": [
        {
            "macro": {
                "f1": 0.006921842774840475,
                "p": 0.003999999999999999,
                "r": 0.025680272276861368
            },
            "micro": {
                "f1": 0.0068583487206541815,
                "p": 0.004,
                "r": 0.024029574861367836
            },
            "threshold": 0.5
        }
    ],
    "rationale_prf": {
        "instance_macro": {
            "f1": 0.00175432770316606,
            "p": 0.0010769230769230769,
            "r": 0.006171287890608378
        },
        "instance_micro": {
            "f1": 0.0018464785017145871,
            "p": 0.0010769230769230769,
            "r": 0.006469500924214418
        }
    },
    "token_prf": {
        "instance_macro": {
            "f1": 0.18854552504805255,
            "p": 0.342692307692308,
            "r": 0.14699706836201296
        },
        "instance_micro": {
            "f1": 0.1759826190005925,
            "p": 0.3426923076923077,
            "r": 0.11838958277969705
        }
    }
}