{
    "iou_scores": [
        {
            "macro": {
                "f1": 0.006176619613724221,
                "p": 0.004500000000000001,
                "r": 0.00984450710108605
            },
            "micro": {
                "f1": 0.005840363400389357,
                "p": 0.0045,
                "r": 0.00831792975970425
            },
            "threshold": 0.5
        }
    ],
    "rationale_prf": {
        "instance_macro": {
            "f1": 0.0007417582417582418,
            "p": 0.0005,
            "r": 0.0014583333333333332
        },
        "instance_micro": {
            "f1": 0.0006489292667099287,
            "p": 0.0005,
            "r": 0.0009242144177449168
        }
    },
    "token_prf": {
        "instance_macro": {
            "f1": 0.08970364604737352,
            "p": 0.3997500000000001,
            "r": 0.05339358338814071
        },
        "instance_micro": {
            "f1": 0.0768196012490992,
            "p": 0.39975,
            "r": 0.04249269200106298
        }
    }
}