{
    "iou_scores": [
        {
            "macro": {
                "f1": 0.006002633328553364,
                "p": 0.004,
                "r": 0.01202109440267335
            },
            "micro": {
                "f1": 0.005879470847623714,
                "p": 0.004,
                "r": 0.011090573012939002
            },
            "threshold": 0.5
        }
    ],
    "rationale_prf": {
        "instance_macro": {
            "f1": 0.0007631578947368421,
            "p": 0.0005,
            "r": 0.0017916666666666667
        },
        "instance_micro": {
            "f1": 0.0007349338559529642,
            "p": 0.0005,
            "r": 0.0013863216266173752
        }
    },
    "token_prf": {
        "instance_macro": {
            "f1": 0.11569440980987734,
            "p": 0.3726666666666668,
            "r": 0.07372284449151333
        },
        "instance_micro": {
            "f1": 0.1024982809993124,
            "p": 0.37266666666666665,
            "r": 0.05942067499335636
        }
    }
}