{
    "iou_scores": [
        {
            "macro": {
                "f1": 0.00708890082685588,
                "p": 0.004181818181818182,
                "r": 0.02325540750336576
            },
            "micro": {
                "f1": 0.006988757216651473,
                "p": 0.0041818181818181815,
                "r": 0.021256931608133085
            },
            "threshold": 0.5
        }
    ],
    "rationale_prf": {
        "instance_macro": {
            "f1": 0.00158728374647806,
            "p": 0.0010000000000000002,
            "r": 0.004871423117112772
        },
        "instance_micro": {
            "f1": 0.001671224551807961,
            "p": 0.001,
            "r": 0.005083179297597043
        }
    },
    "token_prf": {
        "instance_macro": {
            "f1": 0.17004902872182345,
            "p": 0.34645454545454535,
            "r": 0.126118173635631
        },
        "instance_micro": {
            "f1": 0.15673452601274934,
            "p": 0.34645454545454546,
            "r": 0.10127557799627956
        }
    }
}