{
    "iou_scores": [
        {
            "macro": {
                "f1": 0.007133027860398867,
                "p": 0.0041666666666666675,
                "r": 0.024761154629802547
            },
            "micro": {
                "f1": 0.007060152499293986,
                "p": 0.004166666666666667,
                "r": 0.02310536044362292
            },
            "threshold": 0.5
        }
    ],
    "rationale_prf": {
        "instance_macro": {
            "f1": 0.0017431476304816359,
            "p": 0.0010833333333333333,
            "r": 0.005877170243549554
        },
        "instance_micro": {
            "f1": 0.001835639649816436,
            "p": 0.0010833333333333333,
            "r": 0.006007393715341959
        }
    },
    "token_prf": {
        "instance_macro": {
            "f1": 0.18034734870419353,
            "p": 0.34558333333333346,
            "r": 0.13723609105590162
        },
        "instance_micro": {
            "f1": 0.1671166633084828,
            "p": 0.34558333333333335,
            "r": 0.11020462397023652
        }
    }
}