{
    "iou_scores": [
        {
            "macro": {
                "f1": 0.006892321593712024,
                "p": 0.003933333333333331,
                "r": 0.027823610978389722
            },
            "micro": {
                "f1": 0.006874854346306222,
                "p": 0.003933333333333333,
                "r": 0.027264325323475048
            },
            "threshold": 0.5
        }
    ],
    "rationale_prf": {
        "instance_macro": {
            "f1": 0.0017736867073389628,
            "p": 0.0010666666666666667,
            "r": 0.00675462122394171
        },
        "instance_micro": {
            "f1": 0.0018643672803542297,
            "p": 0.0010666666666666667,
            "r": 0.0073937153419593345
        }
    },
    "token_prf": {
        "instance_macro": {
            "f1": 0.2042342282886201,
            "p": 0.3374666666666667,
            "r": 0.16781395130524548
        },
        "instance_micro": {
            "f1": 0.19236177085312559,
            "p": 0.3374666666666667,
            "r": 0.1345203295243157
        }
    }
}