{
    "iou_scores": [
        {
            "macro": {
                "f1": 0.006812920182490518,
                "p": 0.0041111111111111105,
                "r": 0.019874144130723078
            },
            "micro": {
                "f1": 0.0066284485847366535,
                "p": 0.004111111111111111,
                "r": 0.017097966728280962
            },
            "threshold": 0.5
        }
    ],
    "rationale_prf": {
        "instance_macro": {
            "f1": 0.0014375193354009997,
            "p": 0.0008888888888888889,
            "r": 0.004269716394716395
        },
        "instance_micro": {
            "f1": 0.0014331780723754928,
            "p": 0.0008888888888888889,
            "r": 0.0036968576709796672
        }
    },
    "token_prf": {
        "instance_macro": {
            "f1": 0.15128804978918226,
            "p": 0.3553333333333336,
            "r": 0.10663554012508195
        },
        "instance_micro": {
            "f1": 0.13716491529058547,
            "p": 0.35533333333333333,
            "r": 0.08498538400212596
        }
    }
}