{
    "iou_scores": [
        {
            "macro": {
                "f1": 0.0017288135593220338,
                "p": 0.0030000000000000005,
                "r": 0.0012142857142857142
            },
            "micro": {
                "f1": 0.0018963337547408343,
                "p": 0.003,
                "r": 0.0013863216266173752
            },
            "threshold": 0.5
        }
    ],
    "rationale_prf": {
        "instance_macro": {
            "f1": 0.0,
            "p": 0.0,
            "r": 0.0
        },
        "instance_micro": {
            "f1": 0,
            "p": 0.0,
            "r": 0.0
        }
    },
    "token_prf": {
        "instance_macro": {
            "f1": 0.030897898599149497,
            "p": 0.46300000000000013,
            "r": 0.016313088244936838
        },
        "instance_micro": {
            "f1": 0.023971006989386485,
            "p": 0.463,
            "r": 0.012304012755779963
        }
    }
}