{
    "iou_scores": [
        {
            "macro": {
                "f1": 0.006371974334872698,
                "p": 0.004000000000000001,
                "r": 0.015655709787288734
            },
            "micro": {
                "f1": 0.006110868616324749,
                "p": 0.004,
                "r": 0.012939001848428836
            },
            "threshold": 0.5
        }
    ],
    "rationale_prf": {
        "instance_macro": {
            "f1": 0.0008847939118926073,
            "p": 0.0005714285714285714,
            "r": 0.0021762820512820514
        },
        "instance_micro": {
            "f1": 0.0008729812309035355,
            "p": 0.0005714285714285715,
            "r": 0.0018484288354898336
        }
    },
    "token_prf": {
        "instance_macro": {
            "f1": 0.12774715803763362,
            "p": 0.36557142857142866,
            "r": 0.0839719767586989
        },
        "instance_micro": {
            "f1": 0.11467622675330497,
            "p": 0.36557142857142855,
            "r": 0.06800425192665427
        }
    }
}