{
    "iou_scores": [
        {
            "macro": {
                "f1": 0.005636840810300992,
                "p": 0.004999999999999999,
                "r": 0.006459586466165413
            },
            "micro": {
                "f1": 0.004803073967339097,
                "p": 0.005,
                "r": 0.0046210720887245845
            },
            "threshold": 0.5
        }
    ],
    "rationale_prf": {
        "instance_macro": {
            "f1": 0.0005555555555555556,
            "p": 0.0005,
            "r": 0.000625
        },
        "instance_micro": {
            "f1": 0.0004803073967339097,
            "p": 0.0005,
            "r": 0.0004621072088724584
        }
    },
    "token_prf": {
        "instance_macro": {
            "f1": 0.05489508668173833,
            "p": 0.4364999999999999,
            "r": 0.030304249032942713
        },
        "instance_micro": {
            "f1": 0.04405753217259652,
            "p": 0.4365,
            "r": 0.023199574807334575
        }
    }
}