{
    "iou_scores": [
        {
            "macro": {
                "f1": 0.006513489288621271,
                "p": 0.004000000000000002,
                "r": 0.017526921908500855
            },
            "micro": {
                "f1": 0.006296733569460843,
                "p": 0.004,
                "r": 0.014787430683918669
            },
            "threshold": 0.5
        }
    ],
    "rationale_prf": {
        "instance_macro": {
            "f1": 0.0012096918005027352,
            "p": 0.00075,
            "r": 0.0034641608391608393
        },
        "instance_micro": {
            "f1": 0.0011806375442739079,
            "p": 0.00075,
            "r": 0.0027726432532347504
        }
    },
    "token_prf": {
        "instance_macro": {
            "f1": 0.14007296661633334,
            "p": 0.3603749999999999,
            "r": 0.0951010743964527
        },
        "instance_micro": {
            "f1": 0.12636423405654174,
            "p": 0.360375,
            "r": 0.07661440340154133
        }
    }
}