{
    "iou_scores": [
        {
            "macro": {
                "f1": 0.0070804144211721945,
                "p": 0.0040714285714285705,
                "r": 0.027133134787913526
            },
            "micro": {
                "f1": 0.007052709725315516,
                "p": 0.004071428571428571,
                "r": 0.02634011090573013
            },
            "threshold": 0.5
        }
    ],
    "rationale_prf": {
        "instance_macro": {
            "f1": 0.0018786657795279598,
            "p": 0.0011428571428571432,
            "r": 0.00675462122394171
        },
        "instance_micro": {
            "f1": 0.0019797079930710224,
            "p": 0.001142857142857143,
            "r": 0.0073937153419593345
        }
    },
    "token_prf": {
        "instance_macro": {
            "f1": 0.19685418529127438,
            "p": 0.3400000000000002,
            "r": 0.1581136775286558
        },
        "instance_micro": {
            "f1": 0.18438892116986247,
            "p": 0.34,
            "r": 0.1264948179643901
        }
    }
}