{
    "iou_scores": [
        {
            "macro": {
                "f1": 0.007041084287368494,
                "p": 0.004,
                "r": 0.029371024771493174
            },
            "micro": {
                "f1": 0.0070469059678484915,
                "p": 0.004,
                "r": 0.029574861367837338
            },
            "threshold": 0.5
        }
    ],
    "rationale_prf": {
        "instance_macro": {
            "f1": 0.001793528208121899,
            "p": 0.0010625000000000003,
            "r": 0.007379621223941712
        },
        "instance_micro": {
            "f1": 0.0018718343977097561,
            "p": 0.0010625,
            "r": 0.007855822550831794
        }
    },
    "token_prf": {
        "instance_macro": {
            "f1": 0.21294725853290075,
            "p": 0.3380624999999998,
            "r": 0.17883080701363518
        },
        "instance_micro": {
            "f1": 0.20171545776617564,
            "p": 0.3380625,
            "r": 0.14374169545575338
        }
    }
}