{
    "iou_scores": [
        {
            "macro": {
                "f1": 0.007191666964047326,
                "p": 0.004300000000000002,
                "r": 0.021957993710262313
            },
            "micro": {
                "f1": 0.007070042749095693,
                "p": 0.0043,
                "r": 0.019870609981515713
            },
            "threshold": 0.5
        }
    ],
    "rationale_prf": {
        "instance_macro": {
            "f1": 0.0015859568085732532,
            "p": 0.001,
            "r": 0.004699009324009324
        },
        "instance_micro": {
            "f1": 0.001644195988161789,
            "p": 0.001,
            "r": 0.0046210720887245845
        }
    },
    "token_prf": {
        "instance_macro": {
            "f1": 0.1596565976585037,
            "p": 0.34789999999999993,
            "r": 0.11546147028030176
        },
        "instance_micro": {
            "f1": 0.1460844005878648,
            "p": 0.3479,
            "r": 0.09245283018867924
        }
    }
}