{
    "iou_scores": [
        {
            "macro": {
                "f1": 0.0006571936056838366,
                "p": 0.00035714285714285714,
                "r": 0.0041111111111111105
            },
            "micro": {
                "f1": 0.0006186587478346945,
                "p": 0.00035714285714285714,
                "r": 0.0023105360443622922
            },
            "threshold": 0.5
        }
    ],
    "rationale_prf": {
        "instance_macro": {
            "f1": 0.0,
            "p": 0.0,
            "r": 0.0
        },
        "instance_micro": {
            "f1": 0,
            "p": 0.0,
            "r": 0.0
        }
    },
    "token_prf": {
        "instance_macro": {
            "f1": 0.09597152287965313,
            "p": 0.17407142857142854,
            "r": 0.07440355615560233
        },
        "instance_micro": {
            "f1": 0.09440247917877204,
            "p": 0.17407142857142857,
            "r": 0.06476215785277704
        }
    }
}