{
    "iou_scores": [
        {
            "macro": {
                "f1": 0.0007034220532319391,
                "p": 0.0003846153846153846,
                "r": 0.0041111111111111105
            },
            "micro": {
                "f1": 0.0006594566077552097,
                "p": 0.0003846153846153846,
                "r": 0.0023105360443622922
            },
            "threshold": 0.5
        }
    ],
    "rationale_prf": {
        "instance_macro": {
            "f1": 0.0,
            "p": 0.0,
            "r": 0.0
        },
        "instance_micro": {
            "f1": 0,
            "p": 0.0,
            "r": 0.0
        }
    },
    "token_prf": {
        "instance_macro": {
            "f1": 0.08901670620239865,
            "p": 0.1699999999999998,
            "r": 0.06751420134129395
        },
        "instance_micro": {
            "f1": 0.08730001975113569,
            "p": 0.17,
            "r": 0.05872973691203827
        }
    }
}