{
    "iou_scores": [
        {
            "macro": {
                "f1": 0.0006607369758576873,
                "p": 0.0003636363636363636,
                "r": 0.003611111111111111
            },
            "micro": {
                "f1": 0.0006077180188392585,
                "p": 0.0003636363636363636,
                "r": 0.0018484288354898336
            },
            "threshold": 0.5
        }
    ],
    "rationale_prf": {
        "instance_macro": {
            "f1": 0.0,
            "p": 0.0,
            "r": 0.0
        },
        "instance_micro": {
            "f1": 0,
            "p": 0.0,
            "r": 0.0
        }
    },
    "token_prf": {
        "instance_macro": {
            "f1": 0.07667532795246783,
            "p": 0.16436363636363643,
            "r": 0.05549390143796579
        },
        "instance_micro": {
            "f1": 0.07435739255603536,
            "p": 0.16436363636363635,
            "r": 0.04804677119319692
        }
    }
}