{
    "iou_scores": [
        {
            "macro": {
                "f1": 0.0007566462167689161,
                "p": 0.00041666666666666664,
                "r": 0.0041111111111111105
            },
            "micro": {
                "f1": 0.0007060152499293985,
                "p": 0.0004166666666666667,
                "r": 0.0023105360443622922
            },
            "threshold": 0.5
        }
    ],
    "rationale_prf": {
        "instance_macro": {
            "f1": 0.0,
            "p": 0.0,
            "r": 0.0
        },
        "instance_micro": {
            "f1": 0,
            "p": 0.0,
            "r": 0.0
        }
    },
    "token_prf": {
        "instance_macro": {
            "f1": 0.08258992749626007,
            "p": 0.16708333333333333,
            "r": 0.061091257466328465
        },
        "instance_micro": {
            "f1": 0.08079790449325004,
            "p": 0.16708333333333333,
            "r": 0.05328195588626096
        }
    }
}