{
    "iou_scores": [
        {
            "macro": {
                "f1": 0.00047244094488188977,
                "p": 0.0003,
                "r": 0.0011111111111111111
            },
            "micro": {
                "f1": 0.0004932587964485367,
                "p": 0.0003,
                "r": 0.0013863216266173752
            },
            "threshold": 0.5
        }
    ],
    "rationale_prf": {
        "instance_macro": {
            "f1": 0.0,
            "p": 0.0,
            "r": 0.0
        },
        "instance_micro": {
            "f1": 0,
            "p": 0.0,
            "r": 0.0
        }
    },
    "token_prf": {
        "instance_macro": {
            "f1": 0.06965831868640252,
            "p": 0.16019999999999993,
            "r": 0.049104768136489174
        },
        "instance_micro": {
            "f1": 0.06726852823850515,
            "p": 0.1602,
            "r": 0.04257241562583045
        }
    }
}