{
    "iou_scores": [
        {
            "macro": {
                "f1": 0.0003783783783783784,
                "p": 0.00025,
                "r": 0.0007777777777777778
            },
            "micro": {
                "f1": 0.00039354584809130267,
                "p": 0.00025,
                "r": 0.0009242144177449168
            },
            "threshold": 0.5
        }
    ],
    "rationale_prf": {
        "instance_macro": {
            "f1": 0.0,
            "p": 0.0,
            "r": 0.0
        },
        "instance_micro": {
            "f1": 0,
            "p": 0.0,
            "r": 0.0
        }
    },
    "token_prf": {
        "instance_macro": {
            "f1": 0.05573604771409614,
            "p": 0.15024999999999994,
            "r": 0.03748915919965457
        },
        "instance_micro": {
            "f1": 0.05268463730002191,
            "p": 0.15025,
            "r": 0.03194259899016742
        }
    }
}