{
    "iou_scores": [
        {
            "macro": {
                "f1": 0.000863582443653618,
                "p": 0.00046666666666666666,
                "r": 0.0057777777777777775
            },
            "micro": {
                "f1": 0.0008156606851549756,
                "p": 0.00046666666666666666,
                "r": 0.003234750462107209
            },
            "threshold": 0.5
        }
    ],
    "rationale_prf": {
        "instance_macro": {
            "f1": 0.0002469135802469136,
            "p": 0.00013333333333333334,
            "r": 0.0016666666666666666
        },
        "instance_micro": {
            "f1": 0.0002330459100442787,
            "p": 0.00013333333333333334,
            "r": 0.0009242144177449168
        }
    },
    "token_prf": {
        "instance_macro": {
            "f1": 0.10256162438677462,
            "p": 0.17713333333333328,
            "r": 0.08132039327276107
        },
        "instance_micro": {
            "f1": 0.10096902907087213,
            "p": 0.17713333333333334,
            "r": 0.07060855700239171
        }
    }
}