{
    "iou_scores": [
        {
            "macro": {
                "f1": 0.0002222222222222222,
                "p": 0.00014285714285714284,
                "r": 0.0005
            },
            "micro": {
                "f1": 0.00021824530772588389,
                "p": 0.00014285714285714287,
                "r": 0.0004621072088724584
            },
            "threshold": 0.5
        }
    ],
    "rationale_prf": {
        "instance_macro": {
            "f1": 0.0,
            "p": 0.0,
            "r": 0.0
        },
        "instance_micro": {
            "f1": 0,
            "p": 0.0,
            "r": 0.0
        }
    },
    "token_prf": {
        "instance_macro": {
            "f1": 0.047297725604213144,
            "p": 0.14299999999999977,
            "r": 0.03068472302635255
        },
        "instance_micro": {
            "f1": 0.04485771902307864,
            "p": 0.143,
            "r": 0.026601116130746744
        }
    }
}