{
    "iou_scores": [
        {
            "macro": {
                "f1": 0.00028571428571428574,
                "p": 0.0002,
                "r": 0.0005
            },
            "micro": {
                "f1": 0.00027917364600781687,
                "p": 0.0002,
                "r": 0.0004621072088724584
            },
            "threshold": 0.5
        }
    ],
    "rationale_prf": {
        "instance_macro": {
            "f1": 0.0,
            "p": 0.0,
            "r": 0.0
        },
        "instance_micro": {
            "f1": 0,
            "p": 0.0,
            "r": 0.0
        }
    },
    "token_prf": {
        "instance_macro": {
            "f1": 0.029986813033643887,
            "p": 0.12079999999999977,
            "r": 0.01825515679542626
        },
        "instance_micro": {
            "f1": 0.028336851982172177,
            "p": 0.1208,
            "r": 0.016051023119851182
        }
    }
}