{
    "iou_scores": [
        {
            "macro": {
                "f1": 0.0003333333333333333,
                "p": 0.00025,
                "r": 0.0005
            },
            "micro": {
                "f1": 0.00032446463335496434,
                "p": 0.00025,
                "r": 0.0004621072088724584
            },
            "threshold": 0.5
        }
    ],
    "rationale_prf": {
        "instance_macro": {
            "f1": 0.0,
            "p": 0.0,
            "r": 0.0
        },
        "instance_micro": {
            "f1": 0,
            "p": 0.0,
            "r": 0.0
        }
    },
    "token_prf": {
        "instance_macro": {
            "f1": 0.023030102408312037,
            "p": 0.11225000000000004,
            "r": 0.01360765453584583
        },
        "instance_micro": {
            "f1": 0.021570982464568823,
            "p": 0.11225,
            "r": 0.011931969173531757
        }
    }
}