{
    "iou_scores": [
        {
            "macro": {
                "f1": 0,
                "p": 0.0,
                "r": 0.0
            },
            "micro": {
                "f1": 0,
                "p": 0.0,
                "r": 0.0
            },
            "threshold": 0.5
        }
    ],
    "rationale_prf": {
        "instance_macro": {
            "f1": 0.0,
            "p": 0.0,
            "r": 0.0
        },
        "instance_micro": {
            "f1": 0,
            "p": 0.0,
            "r": 0.0
        }
    },
    "token_prf": {
        "instance_macro": {
            "f1": 0.015013350987933192,
            "p": 0.09966666666666654,
            "r": 0.008423400680494937
        },
        "instance_micro": {
            "f1": 0.014718188530642383,
            "p": 0.09966666666666667,
            "r": 0.007945787935158119
        }
    }
}