{
    "iou_scores": [
        {
            "macro": {
                "f1": 0,
                "p": 0.0,
                "r": 0.0
            },
            "micro": {
                "f1": 0,
                "p": 0.0,
                "r": 0.0
            },
            "threshold": 0.5
        }
    ],
    "rationale_prf": {
        "instance_macro": {
            "f1": 0.0,
            "p": 0.0,
            "r": 0.0
        },
        "instance_micro": {
            "f1": 0,
            "p": 0.0,
            "r": 0.0
        }
    },
    "token_prf": {
        "instance_macro": {
            "f1": 0.003286343509953495,
            "p": 0.06699999999999996,
            "r": 0.0016983769008444155
        },
        "instance_micro": {
            "f1": 0.003468806626973854,
            "p": 0.067,
            "r": 0.0017804942864735583
        }
    }
}