{
    "iou_scores": [
        {
            "macro": {
                "f1": 0.0009222309505106049,
                "p": 0.0005,
                "r": 0.005929292929292928
            },
            "micro": {
                "f1": 0.0008808632459810614,
                "p": 0.0005,
                "r": 0.0036968576709796672
            },
            "threshold": 0.5
        }
    ],
    "rationale_prf": {
        "instance_macro": {
            "f1": 0.00032105371475612263,
            "p": 0.00018750000000000003,
            "r": 0.0018181818181818182
        },
        "instance_micro": {
            "f1": 0.0003303237172428981,
            "p": 0.0001875,
            "r": 0.0013863216266173752
        }
    },
    "token_prf": {
        "instance_macro": {
            "f1": 0.10879385489842268,
            "p": 0.17999999999999988,
            "r": 0.08805438027938192
        },
        "instance_micro": {
            "f1": 0.10740257318664925,
            "p": 0.18,
            "r": 0.07653467977677385
        }
    }
}