{
    "iou_scores": [
        {
            "macro": {
                "f1": 0.0005128205128205128,
                "p": 0.0003333333333333333,
                "r": 0.0011111111111111111
            },
            "micro": {
                "f1": 0.0005374417771408098,
                "p": 0.0003333333333333333,
                "r": 0.0013863216266173752
            },
            "threshold": 0.5
        }
    ],
    "rationale_prf": {
        "instance_macro": {
            "f1": 0.0,
            "p": 0.0,
            "r": 0.0
        },
        "instance_micro": {
            "f1": 0,
            "p": 0.0,
            "r": 0.0
        }
    },
    "token_prf": {
        "instance_macro": {
            "f1": 0.0628409161283998,
            "p": 0.15533333333333302,
            "r": 0.043349935675764104
        },
        "instance_micro": {
            "f1": 0.05996139824147545,
            "p": 0.15533333333333332,
            "r": 0.03715120914164231
        }
    }
}