{
    "iou_scores": [
        {
            "macro": {
                "f1": 0.00025,
                "p": 0.00016666666666666666,
                "r": 0.0005
            },
            "micro": {
                "f1": 0.0002449779519843214,
                "p": 0.00016666666666666666,
                "r": 0.0004621072088724584
            },
            "threshold": 0.5
        }
    ],
    "rationale_prf": {
        "instance_macro": {
            "f1": 0.0,
            "p": 0.0,
            "r": 0.0
        },
        "instance_micro": {
            "f1": 0,
            "p": 0.0,
            "r": 0.0
        }
    },
    "token_prf": {
        "instance_macro": {
            "f1": 0.03841784848376117,
            "p": 0.13283333333333353,
            "r": 0.02404975400748007
        },
        "instance_micro": {
            "f1": 0.03653449461379785,
            "p": 0.13283333333333333,
            "r": 0.0211799096465586
        }
    }
}