{
    "iou_scores": [
        {
            "macro": {
                "f1": 0,
                "p": 0.0,
                "r": 0.0
            },
            "micro": {
                "f1": 0,
                "p": 0.0,
                "r": 0.0
            },
            "threshold": 0.5
        }
    ],
    "rationale_prf": {
        "instance_macro": {
            "f1": 0.0,
            "p": 0.0,
            "r": 0.0
        },
        "instance_micro": {
            "f1": 0,
            "p": 0.0,
            "r": 0.0
        }
    },
    "token_prf": {
        "instance_macro": {
            "f1": 0.008713420279915342,
            "p": 0.08349999999999998,
            "r": 0.004729015364296903
        },
        "instance_micro": {
            "f1": 0.008427958617209184,
            "p": 0.0835,
            "r": 0.004437948445389317
        }
    }
}